날짜,제목,요약,언론사
2025-07-08 23:58,RBC SMS issue,RBC SMS issue I called their customer service team and was told because the agent changed my cell phone to be the primary phone number a few days ago because i...,Redflagdeals
2025-07-08 23:56,The Human-Centered Interactive AI,The Human-Centered Interactive AI Nour Ksiksi · Just now Just now -- Listen Share The rapid improvement in the performance of AI models in recent y...,Medium
2025-07-08 23:55,Utmost Doubles Down on Asia with Strategic Leadership Moves,"Utmost Doubles Down on Asia with Strategic Leadership Moves As global wealth increasingly shifts eastward, one international financial services group is making...",Finews
2025-07-08 23:53,Reports are that Trump's 50% tariff rate will come into effect within just 30 days,Report coming in: Citi expects official confirmation of a 50% rate by US on copper in weeks Citi expects implementation within 30 days Earlier: From that po...,Forexlive
2025-07-08 23:53,Retail traders lose Rs 1.05 lakh crore in FY25 amid Jane Street manipulation allegations,Live Events (You can now subscribe to our (You can now subscribe to our ETMarkets WhatsApp channel Mumbai: The Securities and Exchange Board of India's (...,Economictimes.indiatimes
2025-07-08 23:52,TSMC at the Crossroads: The Hidden Risks Behind the World’s Leading Chipmaker,TSMC at the Crossroads: The Hidden Risks Behind the World’s Leading Chipmaker Richard Brown · Just now Just now -- Listen Share In the world of t...,Medium
2025-07-08 23:52,What is our Purpose in a Post-AGI World,What is our Purpose in a Post-AGI World Soumil Rathi · Just now Just now -- Listen Share Imagine a world where the grinding gears of economic neces...,Medium
2025-07-08 23:51,An AI Ethics Roadmap Beyond Academic Integrity For Higher Education,"CAMBRIDGE, MASSACHUSETTS - JUNE 29: People walk through the gate on Harvard Yard at the Harvard ... More University campus on June 29, 2023 in Cambridge, Massac...",Forbes
2025-07-08 23:51,Man loses RM300k to online investment scam in Kedah,"ALOR SETAR: A company director lost more than RM300,000 after falling victim to an online investment scam promoted through a Facebook advertisement in mid-May. ...",Thesundaily.my
2025-07-08 23:51,I did a Nightingale Health Check and Here are My Results.,"I did a recent health test. Usually, my colleagues who were tasked to be our company champions would help arrange a company health screening. Since 2022, we be...",Investmentmoats
2025-07-08 23:50,"Texas inspectors approved Camp Mystic’s disaster plan 2 days before deadly flood, records show","HUNT, Texas — Texas inspectors signed off on Camp Mystic’s emergency planning just two days before catastrophic flooding killed more than two dozen peo...",Yahoo
2025-07-08 23:50,‘Unmatched’ Viridis setting pace for South American rare earths with first prefeasibility study,Join our daily newsletter At The Bell to receive exclusive market insights Viridis Mining and Minerals has delivered a region-first prefeasibility st...,Themarketherald.com
2025-07-08 23:49,Exploring the Innovative World of Infitac: Helmet Mounted Displays and Sights,Exploring the Innovative World of Infitac: Helmet Mounted Displays and Sights RuuuiopSakker Just now -- Listen Share The gun accessories industry is rapidly ev...,Medium
2025-07-08 23:48,Inflation hope as RBA decision leaves many disappointed,"Australian borrowers are rightly disappointed that they won’t get an interest rate cut this month, but the treasurer says there is a silver lining in the way ...",Michaelwest.com
2025-07-08 23:48,Popular candy maker pushes back on RFK Jr's MAHA initiative to ban synthetic food dyes,While several major food manufacturers have jumped on board with Health and Human Services Secretary Robert F. Kennedy Jr.'s efforts to eliminate synthetic food...,Foxbusiness
2025-07-08 23:45,"‘Sex and the City’ star Sarah Jessica Parker reveals why she does not post about politics on social media, hits back at her Conservative haters",Live Events (You can now subscribe to our (You can now subscribe to our Economic Times WhatsApp channel Actress Sarah Jessica Parker has said that she tr...,Economictimes.indiatimes
2025-07-08 23:45,Louis Navellier’s Favorite AI Stocks Today,Mark this Date on Your Calendar: “Trump’s AI Day”,Investorplace
2025-07-08 23:44,RBA Deputy Governor Andrew Hauser: Enormous amount of uncertainty in global economy,"more to come Most Popular Later this year, ForexLive.com is evolving into investingLive.com , a new destination for intelligent market updates and smarter dec...",Forexlive
2025-07-08 23:43,MOH boosts AI and data analytics in Malaysia healthcare system,KUALA LUMPUR: The Ministry of Health is intensifying efforts to integrate artificial intelligence and data analytics into Malaysia’s healthcare fra...,Thesundaily.my
2025-07-08 23:41,"NativePath Launches Most Effective Activated Charcoal Yet-1,000mg Coconut-Shell Formula for Daily Gut Health","As consumer interest in the best activated charcoal grows, NativePath introduces a clean-label, high-purity formula derived from coconut shells to support bloat...",Manilatimes
2025-07-08 23:41,RICH Miner launches cloud mining application to allow global users to enjoy stable returns from cryptocurrency,"RICH Miner officially launched its groundbreaking cloud mining application, marking a major leap in the way ordinary users around the world participate in crypt...",Manilatimes
2025-07-08 23:41,Bitcoin Mining Made Simple: Unlock Stable and Reliable Passive Income Using Ripple on the Trusted AAS MINER AI Cloud Mining Platform,"In 2025, the cryptocurrency market has entered a brand new phase, particularly with the growing recognition of the investment value of Bitcoin and other m...",Manilatimes
2025-07-08 23:41,Top Airdrops in June 2025: Braintrust Leads the Pack,Top Airdrops in June 2025: Braintrust Leads the Pack Braintrust · Just now Just now -- Listen Share Did you know users who tried protocols like Arb...,Medium
2025-07-08 23:41,Get Free $TRIBE Tokens – Tribe Airdrop Guide,Get Free $TRIBE Tokens – Tribe Airdrop Guide Tribe · Just now Just now -- Listen Share Crypto enthusiasts have struck gold w...,Medium
2025-07-08 23:41,Manta Network Airdrop: How to Claim $MANTA Tokens in 2025,Manta Network Airdrop: How to Claim $MANTA Tokens in 2025 Manta Network · Just now Just now -- Listen Share Crypto enthusiasts have...,Medium
2025-07-08 23:41,WalletConnect Token Airdrop: What Makes This Airdrop Different from Others,WalletConnect Token Airdrop: What Makes This Airdrop Different from Others WalletConnect Token · Just now Just now -- Listen Share Did you know use...,Medium
2025-07-08 23:41,Ankr Airdrop: Free Ankr Tokens for Wallet Holders — Here’s How,Ankr Airdrop: Free Ankr Tokens for Wallet Holders — Here’s How Ankr · Just now Just now -- Listen Share Did you know users who tried protocols ...,Medium
2025-07-08 23:41,ORDI Airdrop: How to Secure Your Share of Free ORDI Tokens,ORDI Airdrop: How to Secure Your Share of Free ORDI Tokens ORDI · Just now Just now -- Listen Share Did you know users who tried protocols like Arb...,Medium
2025-07-08 23:41,Alchemy Pay Airdrop: Full FAQ for Claiming Free Tokens,Alchemy Pay Airdrop: Full FAQ for Claiming Free Tokens Alchemy Pay Staking · Just now Just now -- Listen Share Crypto enthusiasts have struck gold...,Medium
2025-07-08 23:41,SORA Airdrop: Real or Scam? Here's What You Need to Know,SORA Airdrop: Real or Scam? Here's What You Need to Know SORA Staking · Just now Just now -- Listen Share Crypto enthusiasts have struck gold with...,Medium
2025-07-08 23:35,Appian Recognised in the 2025 AIFinTech100 List for Transforming Financial Services with AI,"LONDON, July 9, 2025 /PRNewswire/ -- Appian , a leader in AI-powered process automation and orchestration, has been named to the 2025 AIFinTech100...",Manilatimes
2025-07-08 23:30,The world’s top two PE firms are scouting for secondary portfolio deals in India,"Global private equity giants Blackstone Inc. and KKR & Co. Inc., which have bought stakes from existing investors in other countries, are exploring such tr...",Livemint
2025-07-08 23:13,"Penguin Solutions, Inc. Q3 2025 Earnings Call Transcript","Penguin Solutions, Inc. Q3 2025 Earnings Conference Call July 8, 2025 4:30 PM ET Company Participants Mark W. Adams - President, CEO & Director ...",Seekingalpha
2025-07-08 22:00,Price Over Earnings Overview: ServiceNow - ServiceNow,"In the current market session, ServiceNow Inc. NOW stock price is at $1022.98, after a 1.16% drop. However, over the past month, the company's stock went up by ...",Benzinga
2025-07-08 21:39,Sparks And Shares Fly At Bloom Energy,"Bloom Energy Corporation is a volatile stock. Its 24-month Beta ratio is 1.85. According to Fintel, the stock has a historical implied volatility of...",Seekingalpha
2025-07-08 21:20,New Paint Facility at Bombardier’s London Biggin Hill Service Centre Progressing to Plan as Structure Takes Shape,"New 51,000 sq. ft. paint facility being built adjacent to the service facility will extend Bombardier’s ongoing commitment to its customersTwo-bay paint facil...",Manilatimes
2025-07-08 21:21,Revive Therapeutics Clarifies Completion of Key Nerve Agent Countermeasure Study,"TORONTO, July 08, 2025 -- Revive Therapeutics Ltd. , a specialized lif...",Manilatimes
2025-07-08 21:21,"K92 Mining Announces Strong Q2 Production Results - 34,816 oz AuEq Produced, and Commenced Commissioning of 1.2 Mtpa Stage 3 Process Plant in June","VANCOUVER, British Columbia, July 08, 2025 -- K92 Mining Inc. is pleased to announce prod...",Manilatimes
2025-07-08 21:21,Orezone Reports Q2-2025 Production and Hard Rock Expansion Update,"VANCOUVER, British Columbia, July 08, 2025 -- Orezone Gold Corporation is pleased to ...",Manilatimes
2025-07-08 12:30,Futures Rebound As Markets Celebrate TACO Tuesday,US equity futures rise as Trump leaves the door open for more discussions despite the 14 tariff letters sent yesterday and the extension of the deadline to Aug ...,Zerohedge
2025-07-08 11:50,What tariffs? World markets tick up as Trump deadline looms,"World shares mostly rose Tuesday, with financial markets shrugging off U.S. tariff pressures on its trading partners. In early European trading, Germany’s DA...",Fortune
2025-07-08 10:45,Major Asia-Pacific Banks Post Market Cap Gains In Q2 As Interest Rates Fall,Supatman Most of the major banks in Asia-Pacific increased their market capitalization in the second quarter as falling interest rates attracted investors to b...,Seekingalpha
2025-07-08 17:50,Tesla shareholders urge board to rein in Elon Musk as stock sinks over new party launch,"In a significant development, investors at electric vehicle maker Tesla Inc. have urged the board to rein in CEO Elon Musk after his latest stunt to launch a ne...",Livemint
2025-07-08 17:25,"Gold Falls 1%; ProKidney Shares Spike Higher - Apogee Therapeutics , Blue Gold","U.S. stocks traded mixed midway through trading, with the Dow Jones index dipping more than 150 points on Tuesday. The Dow traded down 0.35% to 44,249.09 while...",Benzinga
2025-07-08 17:25,"Why Is Hershey Stock Falling On Tuesday? - PepsiCo , Hershey","The Hershey Company HSY announced on Tuesday that Kirk Tanner will take over as President and CEO, beginning August 18, marking a significant leadership transit...",Benzinga
2025-07-08 12:15,Changes in Nokia Corporation's own shares,Nokia Corporation Stock Exchange Release 8 July 2025 at 15:00 EEST Changes in Nokia Corporation's own shares Get the latest news delivered to your inbox Si...,Manilatimes
2025-07-08 11:07,Berlin summons China envoy after laser used vs German plane,BERLIN — Germany's Foreign Office said on Tuesday it had summoned Beijing’s ambassador to the Central European country to protest after a Chinese warship us...,Manilatimes
2025-07-08 11:26,Global stock markets are calling Trump’s bluff on tariffs,"WASHINGTON, DC - JULY 7: An aide picks up a page from a letter to Japan and South Korea, signed by U.S. President Donald Trump, announcing 25% tariffs beginning...",Cnbc
2025-07-08 11:22,Q2 venture funding climbs on AI deals while PE stuck on sidelines,"Greetings, Term Sheeters. This is finance reporter Luisa Beltran, subbing for Allie. It’s time to take the temperature of the venture and private equity sect...",Fortune
2025-07-08 11:20,Banking’s Newest CEO Plots a Comeback for Most Unloved Stock,Gunjan Kedia wondered why her interviewer was asking for her feelings about penguins. She’d just arrived from New Delhi to Pittsburgh for business school and...,Livemint
2025-07-08 12:07,"Anthem Biosciences IPO: Rs 3,395 crore IPO to open on July 14",About Anthem Biosciences IPO About Anthem Biosciences Live Events Anthem Biosciences financials Anthem Biosciences lead managers (You can now subscribe...,Economictimes.indiatimes
2025-07-08 12:04,Sensex gains 270 pts on fag-end buying in banking stocks,"Benchmark BSE Sensex closed higher by 270 points on Tuesday, helped by late-day buying in banking and select IT shares as well as positive trends in the Asian m...",Rediff
2025-07-08 11:54,Stocks Rallied: Sensex rises! These stocks rallied over 15% on BSE in today's trade,Live Events (You can now subscribe to our (You can now subscribe to our ETMarkets WhatsApp channel NEW DELHI: Several stocks rallied as much as 15% in Mu...,Economictimes.indiatimes
2025-07-08 21:50,Calamos Announces Upside Cap Rates with Defined Downside Protection for Bitcoin Protection ETFs,"METRO CHICAGO, Ill., July 8, 2025 /PRNewswire/ -- Calamos Investments LLC , a leading alternatives manager, today announced the upside cap rates for ...",Benzinga
2025-07-08 21:48,Chevron May Not Want All Of Hess Either,"I analyze oil and gas companies like Chevron and related companies in my service, Oil & Gas Value Research, where I look for undervalued names in the oil and ga...",Seekingalpha
2025-07-08 21:47,Headliens of Interest for Holders of Preferred Stock and/or Baby Bonds,"Below are press releases from companies with preferred stock and baby bonds outstanding. Additionally, news of a more macro economic importance may be posted. ...",Innovativeincomeinvestor
2025-07-08 17:00,Price Over Earnings Overview: Intuitive Surgical - Intuitive Surgical,"In the current market session, Intuitive Surgical Inc. ISRG stock price is at $533.92, after a 0.15% decrease. However, over the past month, the company's stock...",Benzinga
2025-07-08 16:57,Tihama extends JWT- Wunderman merger deadline to 2025-end,Logo of Tihama Advertising and Public Relations Co. Tihama Advertising and Public Relations Co. announced that partners agreed to extend the deadline for compl...,Argaam
2025-07-08 16:45,Sizzling Insider Buys for Your High-Yield Watchlist,"Insiders are buying stocks like Matador Resources Company , Newtek Business Services Corp , and VF Corporation this year. These stock...",Investing
2025-07-09 01:56,"CNBC Daily Open: To bet on a meteor strike, or tariff-driven inflation?","Shipping containers are stacked on the Ever Magic container ship operated by Evergreen at the Port of Los Angeles on June 25, 2025 in Los Angeles, California. ...",Cnbc
2025-07-09 01:54,"US tariff income hits $100 billion, on track for $300 billion by 2025: Scott Bessent","Treasury Secretary Scott Bessent on Tuesday said the U.S. has taken in about $100 billion in tariff income so far this year, and this could grow to $300 billion...",Economictimes.indiatimes
2025-07-09 01:42,"China’s producer prices fall 3.6% in June, biggest drop in nearly two years as deflation deepens","China's producer prices plunged 3.6% in June from a year earlier, marking its largest decline in nearly two years, as a deepening price war rippled through the ...",Cnbc
2025-07-09 01:42,Aces vs Liberty: A'ja Wilson exits game after right wrist injury,Download The Economic Times N...,Economictimes.indiatimes
2025-07-09 01:41,Trump teases announcements on trade negotiations with seven countries,"President Trump teased seemingly major announcements related to trade negotiations with at least seven countries on Tuesday evening. ""We will be releasing a mi...",Foxbusiness
2025-07-09 01:40,NPCI cards up sleeve; India off YC radar,NPCI cards up sleeve; India off YC radar Also in the letter: NPCI woos banks to swipe right on RuPay credit cards The play: Why now? Flexing up: By the ...,Economictimes.indiatimes
2025-07-09 01:38,How an imposter used AI to message high-level officials as US Secretary of State Marco Rubio,Live Events (You can now subscribe to our (You can now subscribe to our Economic Times WhatsApp channel An imposter posing as U.S. Secretary of State Mar...,Economictimes.indiatimes
2025-07-09 01:35,Fake ‘Marco Rubio’ AI impersonator contacts officials: Sparks international cybersecurity alert,"Official response Not the first, and likely not the last Live Events (You can now subscribe to our (You can now subscribe to our Economic Times WhatsApp...",Economictimes.indiatimes
2025-07-09 01:34,"PROK, SOUN, QS, INTC, NVDA: 5 Trending Stocks Today - NVIDIA , Intel","U.S. major indices ended mixed on Tuesday, as the Dow Jones Industrial Average slipped nearly 0.4% to 44,240.76 and the S&P 500 edged down 0.1% to 6,225.52, whi...",Benzinga
2025-07-09 01:33,remio: The next-gen AI productivity assistant,remio The next-gen AI productivity assistant remio The next-gen AI productivity assistant remio is an AI-powered productivity assistant that helps users captu...,Betalist
2025-07-09 01:32,"Nasdaq Stock: Priced To Perfrection Ahead Of Earnings, Eyeing The Chart","There are signs of life in the IPO market , but by no means can we describe the go-public narrative as “animal spirits.” Coming into 2025, hopes were high t...",Seekingalpha
2025-07-09 01:32,Stock Market Today: All You Need To Know Going Into Trade On July 9,The NSE Nifty 50 and BSE Sensex ended in the green on Tuesday even as many traders remained on the sidelines awaiting clarity on US and India trade deal. Kotak ...,Bloombergquint
2025-07-09 01:32,"Bharat Bandh Today: What's Open, What's Closed During General Strike?","More than 25 crore workers from sectors like banking, insurance, postal services, coal mining and highways have called for a nationwide general strike on Wednes...",Bloombergquint
2025-07-09 01:32,Oil Prices Steady As Industry Report Points To Gain In US Stockpiles,Oil steadied as traders weighed signs of swelling US crude stockpiles and the fallout from President Donald Trump’s tariff regime. Brent held near $70 a barr...,Bloombergquint
2025-07-09 01:32,"Stocks To Watch Today: JSW Steel, Tata Steel, Zee, NTPC, Pharma Companies","JSW Steel Ltd., Tata Steel Ltd., Union Bank of India and Varroc Engineering Ltd. are some of the stocks to watch on Wednesday. Following the US President Donal...",Bloombergquint
2025-07-09 01:30,China June CPI +0.1% y/y,"China June2025 inflation data China CPI +0.1%, the first rise in five months expected 0.0%, prior -0.1% CPI -0.1% expected 0.0%, pr...",Forexlive
2025-07-09 01:30,Shocking poll shows majority of Canadians now see America as a threat,Economic friction and fear Live Events Views shift across the globe What’s next? (You can now subscribe to our (You can now subscribe to our Economic...,Economictimes.indiatimes
2025-07-09 01:30,Mint Quick Edit | Has India clinched a deal with Trump or not?,"Given Donald Trump's U-turns and shifting statements, it's hard to say where India stands in his grand reset of trade ties. Going by a mix of signals, though, i...",Livemint
2025-07-09 01:30,"Home loan rates from 7.35%, FD interest rates up to 7.35% and savings account changes for this bank customers","Synopsis Bank of India has announced key changes, effective June and July 2025, including waiving minimum balance penalties on savings accounts. Interest rates...",Economictimes.indiatimes
2025-07-09 01:23,Bihar to get four more Amrit Bharat express trains. Check details,Live Events (You can now subscribe to our (You can now subscribe to our Economic Times WhatsApp channel In order to improve the railway infrastructure in...,Economictimes.indiatimes
2025-07-09 01:22,Jake Retzlaff enters transfer portal amid lawsuit fallout and BYU suspension,Live Events (You can now subscribe to our (You can now subscribe to our Economic Times WhatsApp channel Former BYU quarterback Jake Retzlaff has official...,Economictimes.indiatimes
2025-07-09 01:19,Hassett emerging as serious contender to be next Fed chair,"The Wall Street Journal reports that Hassett is emerging as serious contender to be next Fed chair. Yes, for real! Says met with Trump re this in June. Sort ...",Forexlive
2025-07-09 01:18,Resolution sets Horse Heaven drill date after clearing US agriculture red tape,"Join our daily newsletter At The Bell to receive exclusive market insights Drilling is to begin at Horse Heaven in August, with Resolution Mining set...",Themarketherald.com
2025-07-09 01:18,Elon Musk's Grok AI chatbot goes on an antisemitic rant,"This story is available exclusively to Business Insider subscribers. Become an Insider and start reading now. Grok's ""politically incorrect"" update took an ext...",Businessinsider
2025-07-09 01:17,Malaysia takes lead in shaping cities of tomorrow,"KUALA LUMPUR: Malaysia is set to lead the region’s urban development agenda as it prepares to host three landmark events under its 2025 Asean Chairmanship, sa...",Thesundaily.my
2025-07-09 01:17,Westwood Holdings Stock: Profitability Improving But Stock Not Cheap,"Westwood Holdings Group has had a positive performance this year, especially in fund inflows, in line with positive moves for value and small-cap f...",Seekingalpha
2025-07-09 01:17,India look to maintain momentum against faltering England in third Test,Live Events (You can now subscribe to our (You can now subscribe to our Economic Times WhatsApp channel An in-form India will continue their quest for ju...,Economictimes.indiatimes
2025-07-09 01:15,PBOC sets USD/ CNY central rate at 7.1541,"The People's Bank of China , China's central bank, is responsible for setting the daily midpoint of the yuan . The PBOC fol...",Forexlive
2025-07-09 01:15,Kharif MSP rise seems arbitrary,"The government has announced minimum support price for 14 kharif crops for the 2025-26 season, aligning with the early onset of the south-west monsoon. On...",Thehindubusinessline
2025-07-09 01:14,"Marseille wildfire burns 700 hectares, over 100 injured, airport shut as heatwave scorches France",What caused the wildfire in France? Live Events City services affected Fires spread across southern Europe (You can now subscribe to our (You can now s...,Economictimes.indiatimes
2025-07-09 01:13,The first drug to treat infants sick with malaria is approved by Swiss authority,Live Events (You can now subscribe to our (You can now subscribe to our Economic Times WhatsApp channel GENEVA: Switzerland's medical products authority ...,Economictimes.indiatimes
2025-07-09 01:12,How This Founder Built A Wellness Brand That Puts Women’s Health First,"HER Fantasy Box Founder, Kayla Rowe Photo Credit: Ryan Rouse Every year, up to a million pregnancies in the U.S. end in miscarriage. For as many as half of tho...",Forbes
2025-07-09 01:11,'How can people trust Trump if...?': Elon Musk takes aim at President again over the Epstein files,"Elon Musk publicly challenged US President Donald Trump to release sealed documents related to Jeffrey Epstein, the disgraced financier whose connections to inf...",Economictimes.indiatimes
2025-07-09 01:11,Nanoveu Subsidiary EMASS Enters Chip Synthesis Phase for AIoT Revolution,Nanoveu subsidiary Embedded AI Systems has entered the chip synthesis phase of its flagship ECS-DoT artificial intelligence of things ...,Smallcaps.com
2025-07-09 01:10,Top Open-Source Tools to Build Your Own AI Agents in 2025,"Top Open-Source Tools to Build Your Own AI Agents in 2025 Jaytech · Just now Just now -- Share From Prototypes to Production, A Curated Stack for A...",Medium
2025-07-09 01:08,How Will the BioSig and Streamex Merger Impact the Commodities Market?,How Will the BioSig and Streamex Merger Impact the Commodities Market? Miguel Morales · Just now Just now -- Listen Share What is the significance ...,Medium
2025-07-09 01:08,"Songs, Shadows, and Self: My Life in Sound","A Ritual, Not a Routine I don’t just listen to music — I live in it. Every drive through Bengaluru’s notorious traffic, every weekend unwind, every dedic...",Medium
2025-07-09 01:05,"Mike Lindell’s lawyers fined $3,000 for using AI that created fake court citations",Jury says Lindell defamed dominion worker Live Events Judge calls it AI misuse FAQs (You can now subscribe to our (You can now subscribe to our Economi...,Economictimes.indiatimes
2025-07-09 01:05,Stock Market Live Updates 9th July 2025: Stock to buy today: PB Fintech,"Stock Market today | Share Market Live Updates - Find here all the live updates related to Sensex, Nifty, BSE, NSE, share prices and Indian stock markets for 9t...",Thehindubusinessline
2025-07-09 01:04,Over 160 missing after deadly Texas floods as search continues,"HUNT, UNITED STATES: More than 160 people remain missing four days after catastrophic floods devastated parts of Texas, with the death toll now at 109. Governor...",Thesundaily.my
2025-07-09 01:00,10 Surprising Benefits of Turning Off the TV Tonight,"Watching TV can be a relaxing and enjoyable activity, but it can also become a time-consuming habit that interferes with other important areas of your life. Her...",Flipboard
2025-07-09 01:00,New Trump deadline,"It was supposed to pan out like a deal a day starting the first week of April. But some 90 days down the line, seeing barely a handful materialise, US Presiden...",Thehindubusinessline
2025-07-09 01:00,Stock to buy today: PB Fintech – BUY,The outlook is turning bullish for PB Fintech. The stock is attempting to bounce back over the last couple of days. This bounce is happening from near the bull ...,Thehindubusinessline
2025-07-09 01:00,"Today’s Stock Recommendation: July 9, 2025",Here’s an interesting stock idea:The stock idea that we have for you today is PB Fintech. The stock has been moving inside a bull channel since mid-March this...,Thehindubusinessline
2025-07-09 00:59,"Inventories of Homes for Sale in Big California Markets Jump to Highest in Years, Days on the Market Soar, Demand Withered","Listings YoY: Orange County +66%, San Diego +55%, Fresno +48%, Sacramento +47%, Los Angeles +45%, Riverside-San Bernadino +43%, San Jose & Silicon Valley +39%; ...",Wolfstreet
2025-07-09 00:57,Singapore's Delixy Holdings Prices IPO Of 2 Mln Shares At US$4.00/shr,"Delixy Holdings Limited, a Singapore-based company engaged in trading oil-related products, has announced the pricing of its initial public offering of 2 millio...",Rttnews
2025-07-09 00:56,Intel cuts over 500 jobs in Oregon as part of layoff plan,Save my User ID and Password Some subscribers prefer to save their log-in information so they do not have to enter their User ID and Password each time they vi...,Digitimes
2025-07-09 00:56,"Adobe: Retailers’ AI-Driven Prime Day Traffic Will Leap 3,200%","Adobe said Monday that during Amazon’s Prime Day sales event that runs from Tuesday through Friday , it expects the amount of traff...",Pymnts
2025-07-09 00:55,10 Charged with attempted murder after officer shot at Texas ICE Detention Centre,Ten individuals have been charged with attempted murder following a Fourth of July shooting at a US Immigration and Customs Enforcement detention centre i...,Livemint
2025-07-09 00:55,R&R Brands Launches to Elevate Hospitality and Entertainment Through Hands-On Leadership,"New parent company enters the market with a commitment to integrity, operator-backed leadership and a growing national portfolio Baton Rouge, LA ( RestaurantNe...",Restaurantnews
2025-07-09 00:55,US airports end shoe removal rule for security screening after 20 years,"WASHINGTON: Passengers travelling through US airports will no longer need to remove their shoes during security screenings, marking the end of a 20-year policy ...",Thesundaily.my
2025-07-09 00:55,The Real Cost Of AI Job Loss: How We’re Losing Purpose And Paychecks,"AI isn’t just replacing tasks, it’s reshaping identity, eroding purpose, and quietly redesigning what it means to be human. As AI systems automate more dec...",Forbes
2025-07-09 00:55,More than 160 people still missing days after deadly Texas floods,Live Events (You can now subscribe to our (You can now subscribe to our Economic Times WhatsApp channel Hunt: More than 160 people remain unaccounted for...,Economictimes.indiatimes
